smiles,label
C1=CC=C2C(=C1)C=CN2C3=CC=C(C=C3)F,1
CC1=CC=C(C=C1)C2=NOC(=N2)C3=CC=C(C=C3)Cl,1
CC(=O)OC1=CC=CC=C1C(=O)O,1
COC1=CC2=C(C=C1OC)C(=O)C3=C(C2=O)C4=CC=CC=C4O3,1
CC1=CC=C(C=C1)C(=O)N2CCN(CC2)C3=CC=C(C=C3)Cl,1
CC1=CC=C(C=C1)C(=O)C2=CC=C(C=C2)OC3=CC=CC=C3,1
CC1=CC=C(C=C1)S(=O)(=O)N2CCN(CC2)C3=CC=CC=C3,1
CC1=CC=C(C=C1)C2=NOC(=N2)C3=CC(=C(C=C3)Cl)Cl,1
CC1=CC=C(C=C1)OC2=CC=C(C=C2)C(=O)N3CCN(CC3)C4=CC=CC=C4,1
CC1=CC=C(C=C1)C2=NC3=CC=CC=C3N2C(=O)C4=CC=C(C=C4)Cl,1
CC1=CC=C(C=C1)N2C(=O)C3=CC=CC=C3C2=O,1
CC1=CC=C(C=C1)C2=CC(=O)C3=C(C=C(C=C3)OC)O2,1
CC1=CC=C(C=C1)C(=O)C2=CC=CC=C2,1
CC1=CC=C(C=C1)N2C=NC3=C2C(=O)N(C)C(=O)N3C,1
CC1=CC=C(C=C1)C2=CN=C(CC2)N3CCN(CC3)C4=CC=CC=C4,1
CC1=CC=C(C=C1)NC2=NC(=O)C3=CC=CC=C3N2,1
CC1=CC=C(C=C1)C2=NN=C(C3=CC=CC=C3)O2,1
CC1=CC=C(C=C1)N2CCOCC2C3=CC=CC=C3,1
CC1=CC=C(C=C1)C2=NCCN2C(=O)C3=CC=CC=C3,1
CC1=CC=C(C=C1)C2=CN=C(CC2)OC3=CC=CC=C3,1
CC1=CC=C(C=C1)S(=O)(=O)NC2=CC=CC=N2,1
CC1=CC=C(C=C1)C2=NC(=CS2)C(=O)N3CCCC3,1
CC1=CC=C(C=C1)C2=NC3=CC=CC=C3N2CC(=O)N4CCN(CC4)C5=CC=CC=C5,1
CC1=CC=C(C=C1)OC2=CC=C(C=C2)C3=NC(=O)C4=CC=CC=C4N3,1
CC1=CC=C(C=C1)NC2=NC(=O)N(C3=CC=CC=C3)C2=O,1
CC1=CC=C(C=C1)C2=NN(C(=O)C3=CC=CC=C3)C(=O)C4=CC=CC=C42,1
CC1=CC=C(C=C1)C2=NC(=O)C3=CC=CC=C3N2C4=CC=CC=C4,1
CC1=CC=C(C=C1)C2=NOC(=N2)C3=CC=CC=C3,1
CC1=CC=C(C=C1)C(=O)N2CCC(CC2)C3=CC=CC=C3,1
CC1=CC=C(C=C1)C(=O)C2=CC(=C(C=C2)Cl)Cl,1
CC1=CC=C(C=C1)C2=CC(=O)C3=CC=CC=C3O2,1
CC1=CC=C(C=C1)C2=CC=C(C=C2)C(=O)N3CCN(CC3)C4=CC=CC=C4,1
CC1=CC=C(C=C1)C2=CC=CC=C2C(=O)N3CCN(CC3)C4=CC=CC=C4,1
CC1=CC=C(C=C1)OC2=CC=C(C=C2)C(=O)C3=CC=CC=C3,1
CC1=CC=C(C=C1)OC2=CC=C(C=C2)S(=O)(=O)N3CCN(CC3)C4=CC=CC=C4,1
CC1=CC=C(C=C1)N2CCN(CC2)C(=O)C3=CC=C(C=C3)C4=CC=CC=C4,1
CC1=CC=C(C=C1)C2=CC(=O)C3=C(C=CC=C3)O2,1
CC1=CC=C(C=C1)C2=CC(=O)C3=C(C=C(C=C3)F)O2,1
CC1=CC=C(C=C1)C2=CC(=O)C3=C(C=C(C=C3)Cl)O2,1
CC1=CC=C(C=C1)C2=CC(=O)C3=C(C=C(C=C3)Br)O2,1
CC1=CC=C(C=C1)C2=CC(=O)C3=C(C=C(C=C3)C(F)(F)F)O2,1
CC1=CC=C(C=C1)C2=CC(=O)C3=C(C=C(C=C3)N)O2,1
CC1=CC=C(C=C1)C2=CC(=O)C3=C(C=C(C=C3)[N+](=O)[O-])O2,1
CC1=CC=C(C=C1)C2=CC(=O)C3=C(C=C(C=C3)CN)O2,1
CC1=CC=C(C=C1)C2=CC(=O)C3=C(C=C(C=C3)CO)O2,1
CC1=CC=C(C=C1)C2=CC(=O)C3=C(C=C(C=C3)C(=O)O)O2,1
CC1=CC=C(C=C1)C2=CC(=O)C3=C(C=C(C=C3)OC(F)(F)F)O2,1
CC1=CC=C(C=C1)C2=NC3=CC=CC=C3N2C(F)(F)F,1
CC1=CC=C(C=C1)N2C=NC3=C2C=CC(=C3)C(F)(F)F,1
CC1=CC=C(C=C1)C2=NOC(=N2)C3=CC=C(C=C3)C(F)(F)F,1
CC1=CC=C(C=C1)C2=NN=C(C3=CC=C(C=C3)C(F)(F)F)O2,1
CC1=CC=C(C=C1)C2=NC3=CC=CC=C3N2C#N,1
CC1=CC=C(C=C1)N2C=NC3=C2C=CC(=C3)C#N,1
CC1=CC=C(C=C1)C2=NOC(=N2)C3=CC=C(C=C3)C#N,1
CC1=CC=C(C=C1)C2=NN=C(C3=CC=C(C=C3)C#N)O2,1
CC1=CC=C(C=C1)C2=NC3=CC=CC=C3N2C(C)(C)C,1
CC1=CC=C(C=C1)N2C=NC3=C2C=CC(=C3)C(C)(C)C,1
CC1=CC=C(C=C1)C2=NOC(=N2)C3=CC=C(C=C3)C(C)(C)C,1
CC1=CC=C(C=C1)C2=NN=C(C3=CC=C(C=C3)C(C)(C)C)O2,1
CC1=CC=C(C=C1)C2=NC3=CC=CC=C3N2C1=CC=CC=C1,1
CC1=CC=C(C=C1)N2C=NC3=C2C=CC(=C3)C4=CC=CC=C4,1
CC1=CC=C(C=C1)C2=NOC(=N2)C3=CC=C(C=C3)C4=CC=CC=C4,1
CC1=CC=C(C=C1)C2=NN=C(C3=CC=C(C=C3)C4=CC=CC=C4)O2,1
CC1=CC=C(C=C1)C2=NC3=C(C=CC=C3)C(=O)N2,1
CC1=CC=C(C=C1)C2=NC3=C(C=CC=C3)C(=O)N2C,1
CC1=CC=C(C=C1)C2=NC3=C(C=CC=C3)C(=O)N2CC,1
CC1=CC=C(C=C1)C2=NC3=C(C=CC=C3)C(=O)N2C4=CC=CC=C4,1
CC1=CC=C(C=C1)C2=NC3=C(C=CC=C3)C(=O)N2CC4=CC=CC=C4,1
CC1=CC=C(C=C1)NC2=NC3=CC=CC=C3C2=O,1
CC1=CC=C(C=C1)NC2=NC3=CC=CC=C3C2=N,1
CC1=CC=C(C=C1)NC2=NC3=CC=CC=C3C2=NO,1
CC1=CC=C(C=C1)NC2=NC3=CC=CC=C3N2,1
CC1=CC=C(C=C1)NC2=NC3=CC=CC=C3S2,1
CC1=CC=C(C=C1)NC2=NC3=CC=CC=C3O2,1
CC1=CC=C(C=C1)C2=NC3=CC=CC=C3N2CC(=O)O,1
CC1=CC=C(C=C1)C2=NC3=CC=CC=C3N2CC(=O)N,1
CC1=CC=C(C=C1)C2=NC3=CC=CC=C3N2CC(=O)N4CCOCC4,1
CC1=CC=C(C=C1)C2=NC3=CC=CC=C3N2CC(=O)N4CCCCC4,1
CC1=CC=C(C=C1)C2=NC3=CC=CC=C3N2CC(=O)N4CCN(CC4)C5=CC=CC=C5,1
CC1=CC=C(C=C1)C2=CC(=O)C3=C(O2)C=C(C=C3)O,1
CC1=CC=C(C=C1)C2=CC(=O)C3=C(O2)C=C(C=C3)OC,1
CC1=CC=C(C=C1)C2=CC(=O)C3=C(O2)C=C(C=C3)Cl,1
CC1=CC=C(C=C1)C2=CC(=O)C3=C(O2)C=C(C=C3)Br,1
CC1=CC=C(C=C1)C2=CC(=O)C3=C(O2)C=C(C=C3)F,1
CC1=CC=C(C=C1)C2=CC(=O)C3=C(O2)C=C(C=C3)C(F)(F)F,1
CC1=CC=C(C=C1)C2=CC(=O)C3=C(O2)C=C(C=C3)C#N,1
CC1=CC=C(C=C1)C2=CC(=O)C3=C(O2)C=C(C=C3)CO,1
CC1=CC=C(C=C1)C2=CC(=O)C3=C(O2)C=C(C=C3)C(=O)O,1
CC1=CC=C(C=C1)C2=CC(=O)C3=C(O2)C=CC=C3,1
CC1=CC=C(C=C1)C2=CC(=O)C3=C(O2)C(OC)=CC=C3,1
CC1=CC=C(C=C1)C2=CC(=O)C3=C(O2)C(Cl)=CC=C3,1
CC1=CC=C(C=C1)C2=CC(=O)OC3=C2C=CC=C3,1
CC1=CC=C(C=C1)C2=CC(=O)OC3=C2C=CC(=C3)O,1
CC1=CC=C(C=C1)C2=CC(=O)OC3=C2C=CC(=C3)OC,1
CC1=CC=C(C=C1)C2=CC(=O)OC3=C2C=CC(=C3)Cl,1
CC1=CC=C(C=C1)C2=CC(=O)OC3=C2C=CC(=C3)F,1
CC1=CC=C(C=C1)C2=CC(=O)OC3=C2C=CC(=C3)Br,1
CC1=CC=C(C=C1)C2=CC(=O)OC3=C2C=CC(=C3)C(F)(F)F,1
CC1=CC=C(C=C1)C2=CC(=O)OC3=C2C=CC(=C3)C#N,1
CC1=CC=C(C=C1)C2=CC(=O)N(C3=CC=CC=C3)N2,1
CC1=CC=C(C=C1)C2=CC(=O)N(C3=CC=C(C=C3)F)N2,1
CC1=CC=C(C=C1)C2=CC(=O)N(C3=CC=C(C=C3)Cl)N2,1
CC1=CC=C(C=C1)C2=CC(=O)N(C3=CC=C(C=C3)Br)N2,1
CC1=CC=C(C=C1)C2=CC(=O)N(C3=CC=C(C=C3)C(F)(F)F)N2,1
CC1=CC=C(C=C1)C2=CC(=O)N(C3=CC=C(C=C3)C#N)N2,1
CC1=CC=C(C=C1)C2=CC(=O)N(C3=CC=C(C=C3)OC(F)(F)F)N2,1
CCCCCCCCCCCCCCCCCC(=O)O,0
CCCCCCCCCCCCCC(=O)O,0
CCCCCCCCCC(=O)O,0
CCO,0
CC(C)C1=CC=C(C=C1)C(C)C(=O)O,0
CC(=O)NC1=CC=C(C=C1)O,0
c1ccccc1,0
CC1=CC=C(C=C1)O,0
CCCCCCCCCO,0
CCCCCCCCCCCO,0
CC1=CC=CC=C1C(=O)O,0
COC1=CC=C(C=C1)C(=O)O,0
CC1=CC=C(C=C1)CO,0
CCCCC1=CC=C(C=C1)O,0
CCCCCCCCCCCCCCCCCCCO,0
CCCCCCCCCCCCCCCCO,0
CCCCCCCCCCCCCCO,0
CCCCCCCCCCCCO,0
CCCCCCCCO,0
CCCCCCO,0
CC1=CC=C(C=C1)C(=O)N,0
CC1=CC=C(C=C1)C(C)(C)C,0
CCC1=CC=C(C=C1)C(=O)O,0
CCCC1=CC=C(C=C1)C(=O)O,0
CCCCC1=CC=C(C=C1)C(=O)O,0
CC1=CC=C(C=C1)OC(C)=O,0
CC1=CC=C(C=C1)NC(=O)C,0
CC1=CC=C(C=C1)S(=O)(=O)N,0
CC1=CC=C(C=C1)SCC(=O)O,0
CCCCCC(=O)O,0
CCCCCCCC(=O)O,0
CCCCCCCCCCCC(=O)O,0
CC1=CC=C(C=C1)OCC(=O)O,0
COC1=CC=C(C=C1)OCC(=O)O,0
CC1=CC=C(C=C1)OCCO,0
CC1=CC=C(C=C1)CCC(=O)O,0
CC1=CC=C(C=C1)OCCC(=O)O,0
COC1=CC=C(C=C1)CCC(=O)O,0
CC1=CC=C(C=C1)OC2=CC=C(C=C2)O,0
CC1=CC=C(C=C1)OC2=CC=C(C=C2)C(=O)O,0
CCCCCCCCCCCCCCCCCCCC(=O)O,0
CCCCCCCCCCCCCCCCCCCCC(=O)O,0
CCCCCCCCCCCCCCCCCCCCCC(=O)O,0
CCCCCCCCCCCCCCCCCCCCCCC(=O)O,0
CCCCCCCCCCCCCCCCCCCCCCCC(=O)O,0
CCCCCCCCCCCCCCCCCCCCCCCCC(=O)O,0
CCCCCCCCCCCCCCCCCCCCCCCCCC(=O)O,0
CC1=CC=C(C=C1)C(=O)NCC,0
CC1=CC=C(C=C1)C(=O)N(C)C,0
CC1=CC=C(C=C1)C(=O)NCC(C)C,0
CC1=CC=C(C=C1)C(=O)NCCCC,0
CC1=CC=C(C=C1)C(=O)NCCCCC,0
CC1=CC=C(C=C1)C(=O)NCCCCCC,0
CC1=CC=C(C=C1)C(=O)NCCCCCCC,0
CC1=CC=C(C=C1)C(=O)NCCCCCCCC,0
CC1=CC=C(C=C1)C(=O)NCCCCCCCCC,0
CC1=CC=C(C=C1)C(=O)NCCCCCCCCCC,0
CCCCCCCCCCCCCCCCCCCOC(=O)C,0
CCCCCCCCCCCCCCCCCCOC(=O)C,0
CCCCCCCCCCCCCCCCCOC(=O)C,0
CCCCCCCCCCCCCCCCOC(=O)C,0
CCCCCCCCCCCCCCOC(=O)C,0
CCCCCCCCCCCCOC(=O)C,0
CCCCCCCCCCCOC(=O)C,0
CCCCCCCCCOC(=O)C,0
CCCCCCCOC(=O)C,0
CCCCCCOC(=O)C,0
CCCCCOC(=O)C,0
CCCCOC(=O)C,0
CCCOC(=O)C,0
CCOC(=O)C,0
CC1=CC=C(C=C1)OCCOC(=O)C,0
CC1=CC=C(C=C1)OCCOC(=O)C(C)C,0
CC1=CC=C(C=C1)OCCOC(=O)C(C)(C)C,0
CC1=CC=C(C=C1)OCCOC(=O)CC,0
CC1=CC=C(C=C1)OCCOC(=O)CCC,0
CC1=CC=C(C=C1)OCCOC(=O)CCCC,0
CC1=CC=C(C=C1)OCCOC(=O)CCCCC,0
CCCCCCCCCCCCCCCCCCCCCO,0
CCCCCCCCCCCCCCCCCCCCO,0
CCCCCCCCCCCCCCCCCCCO,0
CCCCCCCCCCCCCCCCCCO,0
CCCCCCCCCCCCCCCCO,0
CCCCCCCCCCCCCCO,0
CCCCCCCCCCCCCO,0
CCCCCCCCCCCCO,0
CCCCCCCCCCCO,0
CCCCCCCCCCO,0
CC1=CC=C(C=C1)S(=O)(=O)NCC,0
CC1=CC=C(C=C1)S(=O)(=O)NCCC,0
CC1=CC=C(C=C1)S(=O)(=O)NCCCC,0
CC1=CC=C(C=C1)S(=O)(=O)NCCCCC,0
CC1=CC=C(C=C1)S(=O)(=O)NCCCCCC,0
CC1=CC=C(C=C1)S(=O)(=O)NCCCCCCC,0
CC1=CC=C(C=C1)S(=O)(=O)NCCCCCCCC,0
CC1=CC=C(C=C1)S(=O)(=O)NCCCCCCCCC,0
CC1=CC=C(C=C1)S(=O)(=O)NCCCCCCCCCC,0
CC1=CC=C(C=C1)S(=O)(=O)NCCCCCCCCCCC,0
CCCCCCCCCCCCCCCCCCCC(=O)O,0
CCCCCCCCCCCCCCCCCCCCC(=O)O,0
CCCCCCCCCCCCCCCCCCCCCC(=O)O,0
CCCCCCCCCCCCCCCCCCCCCCC(=O)O,0
CCCCCCCCCCCCCCCCCCCCCCCC(=O)O,0
CCCCCCCCCCCCCCCCCCCCCCCCC(=O)O,0
CCCCCCCCCCCCCCCCCCCCCCCCCC(=O)O,0
CCCCCCCCCCCCCCCCCCCCCCCCCCC(=O)O,0
CCCCCCCCCCCCCCCCCCCCCCCCCCCC(=O)O,0
CCCCCCCCCCCCCCCCCCCCCCCCCCCCC(=O)O,0
CCCCCCCCCCCCCCCCCCCCCCCCCCCCCC(=O)O,0
CCCCCCCCCCCCCCCCCCCCCCCCCCCCCCC(=O)O,0
CCCCCCCCCCCCCCCCCCCCCCCCCCCCCCCC(=O)O,0
CCCCCCCCCCCCCCCCCCCCCCCCCCCCCCCCC(=O)O,0
CCCCCCCCCCCCCCCCCCCCCCCCCCCCCCCCCC(=O)O,0
CCCCCCCCCCCCCCCCCCCCCCCCCCCCCCCCCCC(=O)O,0
CCCCCCCCCCCCCCCCCCCCCCCCCCCCCCCCCCCC(=O)O,0
CCCCCCCCCCCCCCCO,0
CCCCCCCCCCCCCCCCO,0
CCCCCCCCCCCCCCCCCO,0
CCCCCCCCCCCCCCCCCCO,0
CCCCCCCCCCCCCCCCCCCO,0
CCCCCCCCCCCCCCCCCCCCO,0
CCCCCCCCCCCCCCCCCCCCCO,0
CCCCCCCCCCCCCCCCCCCCCCO,0
CCCCCCCCCCCCCCCCCCCCCCCO,0
CCCCCCCCCCCCCCCCCCCCCCCCO,0
CCCCCCCCCCCCCCCCCCCCCCCCCO,0
CCCCCCCCCCCCCCCCCCCCCCCCCCO,0
CCCCCCCCCCCCCCCCCCCCCCCCCCCO,0
CCCCCCCCCCCCCCCCCCCCCCCCCCCCO,0
CCCCCCCCCCCCCCCCCCCCCCCCCCCCCO,0
CCCCCCCCCCCCCCCCCCCCCCCCCCCCCCO,0
OC(=O)CCCCC(=O)O,0
OC(=O)CCCCCC(=O)O,0
OC(=O)CCCCCCC(=O)O,0
OC(=O)CCCCCCCC(=O)O,0
OC(=O)CCCCCCCCC(=O)O,0
OC(=O)CCCCCCCCCC(=O)O,0
OC(=O)CCCCCCCCCCC(=O)O,0
OC(=O)CCCCCCCCCCCC(=O)O,0
OC(=O)CCCCCCCCCCCCC(=O)O,0
OC(=O)CCCCCCCCCCCCCC(=O)O,0
CCCCCCCC1=CC=C(C=C1)C(=O)O,0
CCCCCCCCC1=CC=C(C=C1)C(=O)O,0
CCCCCCCCCC1=CC=C(C=C1)C(=O)O,0
CCCCCCCCCCC1=CC=C(C=C1)C(=O)O,0
CCCCCCCCCCCC1=CC=C(C=C1)C(=O)O,0
CCCC1=CC=C(C=C1)C(=O)OCC,0
CCCC1=CC=C(C=C1)C(=O)OCCC,0
CCCC1=CC=C(C=C1)C(=O)OCCCC,0
CCCC1=CC=C(C=C1)C(=O)OCCCCC,0
CCCC1=CC=C(C=C1)C(=O)OCCCCCC,0
CCCC1=CC=C(C=C1)C(=O)OCCCCCCC,0
CCCC1=CC=C(C=C1)C(=O)OCCCCCCCC,0
CCCC1=CC=C(C=C1)C(=O)OCCCCCCCCC,0
CCCC1=CC=C(C=C1)C(=O)OCCCCCCCCCC,0
CCCC1=CC=C(C=C1)C(=O)OCCCCCCCCCCC,0
CCCC1=CC=C(C=C1)C(=O)OCCCCCCCCCCCC,0
CCCCCCCC1=CC=C(C=C1)CO,0
CCCCCCCCC1=CC=C(C=C1)CO,0
CCCCCCCCCC1=CC=C(C=C1)CO,0
CCCCCCCCCCC1=CC=C(C=C1)CO,0
CCCCCCCCCCCC1=CC=C(C=C1)CO,0
CCCCCCCC1=CC=C(C=C1)O,0
CCCCCCCCC1=CC=C(C=C1)O,0
CCCCCCCCCC1=CC=C(C=C1)O,0
CCCCCCCCCCC1=CC=C(C=C1)O,0
CCCCCCCCCCCC1=CC=C(C=C1)O,0
CCCCCCCCCCCCCCC(=O)OC,0
CCCCCCCCCCCCCCCC(=O)OC,0
CCCCCCCCCCCCCCCCC(=O)OC,0
CCCCCCCCCCCCCCCCCC(=O)OC,0
CCCCCCCCCCCCCCCCCCC(=O)OC,0
CCCCCCCCCCCCCCCCCCCC(=O)OC,0
CCCCCCCCNS(=O)(=O)C1=CC=C(C)C=C1,0
CCCCCCCCCNS(=O)(=O)C1=CC=C(C)C=C1,0
CCCCCCCCCCNS(=O)(=O)C1=CC=C(C)C=C1,0
CCCCCCCCCCCNS(=O)(=O)C1=CC=C(C)C=C1,0
CCCCCCCCCCCCNS(=O)(=O)C1=CC=C(C)C=C1,0
CCCCCCCCCCCCCNS(=O)(=O)C1=CC=C(C)C=C1,0
CCCCCCCCCCCCCCNS(=O)(=O)C1=CC=C(C)C=C1,0
CCCCCCCCCCCCCCCNS(=O)(=O)C1=CC=C(C)C=C1,0
CCCCCCCCCCCCCCCCNS(=O)(=O)C1=CC=C(C)C=C1,0
CCCCCCCCCCCCCCCCCNS(=O)(=O)C1=CC=C(C)C=C1,0
